timestamp,price,action,timeframe,status,entry_price,exit_time,exit_price,result,signal_id,strategy_name,candles,trade_id,entry_time
,,buy,120,completed,68254.72409257275,1718237018.853,68196.01790768326,loss,1718236717475,SMA Crossover,"[(1718236902.049, 68254.72409257275), (1718236907.051, 68245.89203577959), (1718236912.059, 68230.73993373619), (1718236917.045, 68228.50236047087), (1718236922.056, 68228.50236047087), (1718236927.063, 68232.16217142722), (1718236932.048, 68235.13360727618), (1718236937.047, 68242.34438723835), (1718236942.058, 68234.1263378239), (1718236947.045, 68202.08966208324), (1718236952.051, 68203.47243183594), (1718236957.055, 68203.15968549122), (1718236962.053, 68200.5521480535), (1718236967.051, 68199.56900096253), (1718236972.06, 68191.43424012628), (1718236977.044, 68188.39008963756), (1718236982.053, 68195.87544900837), (1718236987.118, 68189.76555662554), (1718236992.055, 68193.60504215557), (1718236997.053, 68190.53934803617), (1718237002.121, 68198.41593701497), (1718237008.987, 68195.72611525728), (1718237014.053, 68195.47915370853), (1718237018.853, 68196.01790768326)]",,1718236897.4751966
,,sell,60,completed,68191.43424012628,1718237028.419,68190.47508628646,win,1718236787411,RSI Overbought,"[(1718236972.06, 68191.43424012628), (1718236977.044, 68188.39008963756), (1718236982.053, 68195.87544900837), (1718236987.118, 68189.76555662554), (1718236992.055, 68193.60504215557), (1718236997.053, 68190.53934803617), (1718237002.121, 68198.41593701497), (1718237008.987, 68195.72611525728), (1718237014.053, 68195.47915370853), (1718237022.146, 68184.9085271463), (1718237028.419, 68190.47508628646)]",,1718236967.4112017
,,sell,60,completed,68189.00848490496,1718237097.047,68178.0325917093,win,1718236852869,RSI Overbought,"[(1718237038.181, 68189.00848490496), (1718237042.067, 68189.37035760948), (1718237048.297, 68183.41976552978), (1718237052.154, 68182.85446911977), (1718237057.22, 68188.03757592129), (1718237062.122, 68182.25989876341), (1718237067.062, 68180.76712176176), (1718237072.068, 68180.76712176176), (1718237077.065, 68175.52366452401), (1718237082.057, 68167.95319152181), (1718237087.053, 68166.9463598162), (1718237092.067, 68166.9463598162), (1718237097.047, 68178.0325917093)]",,1718237032.8691728
,,buy,120,completed,68077.36378993685,1718237667.046,68075.79005953179,loss,1718237362469,SMA Crossover,"[(1718237548.337, 68077.36378993685), (1718237552.137, 68082.14597274261), (1718237557.229, 68083.70945829114), (1718237562.143, 68080.7727134535), (1718237567.141, 68067.95039969776), (1718237573.222, 68076.80670575231), (1718237577.143, 68063.92469522698), (1718237582.124, 68067.028310699), (1718237587.066, 68066.14455795343), (1718237592.054, 68067.34662700357), (1718237597.053, 68063.15122774888), (1718237602.065, 68063.15122774888), (1718237607.051, 68068.20208387397), (1718237612.073, 68064.64503074363), (1718237617.062, 68056.70227876531), (1718237622.048, 68056.33642852546), (1718237627.049, 68059.44880979472), (1718237632.058, 68063.31340404927), (1718237637.053, 68073.24540845338), (1718237642.051, 68077.06183920779), (1718237647.049, 68078.2048950237), (1718237652.052, 68080.49499905642), (1718237657.049, 68075.90755365446), (1718237662.068, 68075.90755365446), (1718237667.046, 68075.79005953179)]",,1718237542.469819
,,buy,120,completed,68069.49985742394,1718237962.057,68046.05253850913,loss,1718237657495,SMA Crossover,"[(1718237842.05, 68069.49985742394), (1718237847.045, 68069.00301136677), (1718237852.054, 68073.55396062149), (1718237857.054, 68073.55396062149), (1718237862.051, 68063.24217068612), (1718237867.051, 68074.21088128941), (1718237872.063, 68074.21088128941), (1718237877.045, 68076.09395108683), (1718237882.064, 68068.53002465072), (1718237887.064, 68066.03990258272), (1718237892.059, 68066.53610330835), (1718237897.062, 68064.13148981755), (1718237902.15, 68054.45408584514), (1718237907.122, 68033.09210765854), (1718237912.127, 68036.04682020983), (1718237917.127, 68026.27095613083), (1718237922.783, 68027.47696832924), (1718237928.823, 68053.85675181242), (1718237932.131, 68046.40574729913), (1718237937.067, 68044.1479407141), (1718237942.066, 68044.48639802831), (1718237947.064, 68050.0247621529), (1718237952.068, 68038.09141314561), (1718237957.054, 68042.71708507423), (1718237962.057, 68046.05253850913)]",,1718237837.4955294
,,sell,60,completed,68156.14507832186,1718238342.048,68171.43437187238,loss,1718238098405,RSI Overbought,"[(1718238282.134, 68156.14507832186), (1718238287.061, 68157.76248935712), (1718238292.063, 68157.73364433736), (1718238297.045, 68154.03085335933), (1718238302.051, 68154.01097802624), (1718238307.064, 68159.88221280985), (1718238312.059, 68163.76627427443), (1718238317.051, 68163.14051333835), (1718238322.06, 68156.02202014088), (1718238327.046, 68172.91801236315), (1718238332.065, 68172.62386189855), (1718238337.052, 68172.62386189855), (1718238342.048, 68171.43437187238)]",,1718238278.4054227
,,sell,60,completed,68169.12415463944,1718238407.047,68189.03846018578,loss,1718238162421,RSI Overbought,"[(1718238347.052, 68169.12415463944), (1718238352.068, 68171.79117645985), (1718238357.045, 68162.95122066219), (1718238362.058, 68173.82094051194), (1718238367.064, 68175.34504459491), (1718238372.052, 68171.89949238647), (1718238377.046, 68168.74536481501), (1718238382.061, 68167.85330127706), (1718238387.046, 68183.8714569059), (1718238392.051, 68185.07910010233), (1718238397.052, 68185.43779417955), (1718238402.052, 68183.74457657083), (1718238407.047, 68189.03846018578)]",,1718238342.421311
,,sell,60,completed,68191.02378066738,1718238473.225,68163.88663805398,win,1718238227438,RSI Overbought,"[(1718238412.056, 68191.02378066738), (1718238417.046, 68189.54487747884), (1718238422.071, 68186.24395356208), (1718238427.062, 68193.51251414379), (1718238432.049, 68200.67329378752), (1718238437.051, 68186.08912956138), (1718238443.341, 68186.08912956138), (1718238447.635, 68181.01117861873), (1718238452.242, 68176.03496709268), (1718238457.133, 68174.10512147241), (1718238463.835, 68167.00194560403), (1718238467.144, 68167.00194560403), (1718238473.225, 68163.88663805398)]",,1718238407.438402
,,buy,120,completed,67667.43723408639,1718264332.068,67660.46790853025,loss,1718264029127,SMA Crossover,"[(1718264212.334, 67667.43723408639), (1718264218.037, 67665.63372560871), (1718264222.13, 67666.71877404224), (1718264228.239, 67667.07234160203), (1718264232.226, 67662.65058830024), (1718264237.133, 67662.84377484239), (1718264242.064, 67659.94391462265), (1718264247.061, 67653.32510696158), (1718264252.063, 67656.99326117524), (1718264257.062, 67655.77545191805), (1718264262.047, 67652.6427011309), (1718264267.046, 67654.23815181808), (1718264272.06, 67656.98769980067), (1718264277.044, 67659.37173978552), (1718264282.065, 67659.37173978552), (1718264287.065, 67659.65671827222), (1718264292.051, 67664.79393700011), (1718264297.049, 67667.75463194096), (1718264302.054, 67669.2229654909), (1718264307.045, 67662.25710543165), (1718264312.053, 67656.41963830806), (1718264317.06, 67656.41963830806), (1718264322.056, 67656.2065187845), (1718264327.048, 67656.20078985278), (1718264332.068, 67660.46790853025)]",,1718264209.1270897
,,buy,120,completed,67617.42331540203,1718264617.062,67623.24362276247,win,1718264312884,SMA Crossover,"[(1718264497.049, 67617.42331540203), (1718264502.048, 67611.90157787375), (1718264507.063, 67614.85495808379), (1718264512.063, 67612.27133869898), (1718264517.045, 67609.52736450885), (1718264522.05, 67607.7405045522), (1718264527.065, 67607.66917825461), (1718264532.047, 67606.9998333303), (1718264537.047, 67607.05306602026), (1718264542.052, 67606.45747287046), (1718264547.887, 67604.89392353175), (1718264552.549, 67605.06098515535), (1718264557.647, 67603.57837181928), (1718264562.138, 67606.4621187831), (1718264567.129, 67606.82822141856), (1718264573.522, 67605.13583408734), (1718264577.235, 67611.28056442393), (1718264582.146, 67608.84048336721), (1718264587.633, 67606.27695886724), (1718264594.621, 67611.83977117877), (1718264598.032, 67610.1029743481), (1718264602.133, 67609.92705713076), (1718264607.062, 67617.308971252), (1718264612.057, 67621.41613999041), (1718264617.062, 67623.24362276247)]",,1718264492.8845773
,,buy,120,completed,67610.64978074523,1718264907.771,67636.29485102637,win,1718264607709,SMA Crossover,"[(1718264792.051, 67610.64978074523), (1718264797.06, 67610.64978074523), (1718264802.048, 67611.43084114254), (1718264807.052, 67614.96753835278), (1718264812.061, 67614.96753835278), (1718264817.044, 67612.07645723135), (1718264822.054, 67610.80423000139), (1718264827.063, 67615.04827108858), (1718264832.061, 67614.54246303771), (1718264837.05, 67616.36935625951), (1718264842.065, 67618.15982236351), (1718264847.044, 67623.45552383763), (1718264852.068, 67622.5779809817), (1718264857.059, 67623.54898544606), (1718264862.047, 67623.46459580607), (1718264867.049, 67626.62366224073), (1718264872.057, 67624.82855641269), (1718264877.043, 67624.41834159246), (1718264882.05, 67624.48480324472), (1718264887.067, 67634.08654357254), (1718264892.053, 67635.35801466044), (1718264897.048, 67636.03788622383), (1718264902.065, 67634.45593580385), (1718264907.771, 67636.29485102637)]",,1718264787.7094715
,,sell,60,completed,67623.54898544606,1718264918.713,67644.77220809148,loss,1718264672513,RSI Overbought,"[(1718264857.059, 67623.54898544606), (1718264862.047, 67623.46459580607), (1718264867.049, 67626.62366224073), (1718264872.057, 67624.82855641269), (1718264877.043, 67624.41834159246), (1718264882.05, 67624.48480324472), (1718264887.067, 67634.08654357254), (1718264892.053, 67635.35801466044), (1718264897.048, 67636.03788622383), (1718264902.065, 67634.45593580385), (1718264912.053, 67638.14638777041), (1718264918.713, 67644.77220809148)]",,1718264852.5139244
,,sell,60,completed,67652.25532765347,1718265097.135,67643.94720885983,win,1718264852593,RSI Overbought,"[(1718265037.055, 67652.25532765347), (1718265042.047, 67650.62484926263), (1718265047.053, 67645.81331294765), (1718265052.058, 67643.23341312469), (1718265057.053, 67647.10121769021), (1718265062.057, 67645.68553052394), (1718265067.065, 67643.56269827938), (1718265073.86, 67643.00813001642), (1718265078.95, 67641.35920998851), (1718265084.018, 67641.97057056696), (1718265088.45, 67642.78323100683), (1718265092.133, 67643.22122827651), (1718265097.135, 67643.94720885983)]",,1718265032.5936432
,,sell,60,completed,67643.47571811386,1718265162.05,67633.88601766738,win,1718264919664,RSI Overbought,"[(1718265102.535, 67643.47571811386), (1718265107.126, 67639.03997204705), (1718265113.022, 67630.5648439392), (1718265117.066, 67630.5648439392), (1718265122.068, 67632.67688347898), (1718265127.062, 67631.16280762406), (1718265132.053, 67640.13880248275), (1718265137.049, 67639.32746911269), (1718265142.076, 67639.88732510872), (1718265147.044, 67638.86145397779), (1718265152.057, 67638.86145397779), (1718265157.063, 67633.88570993207), (1718265162.05, 67633.88601766738)]",,1718265099.6641107
,,buy,120,completed,67642.65970536399,1718265299.545,67666.54674382381,win,1718264997492,SMA Crossover,"[(1718265182.062, 67642.65970536399), (1718265187.07, 67639.45553578518), (1718265192.062, 67633.60335494975), (1718265197.063, 67633.60335494975), (1718265202.071, 67633.52759029274), (1718265207.056, 67634.0253582765), (1718265212.088, 67644.46816303403), (1718265217.232, 67644.46816303403), (1718265222.054, 67643.73728851891), (1718265227.056, 67650.5791000843), (1718265232.061, 67650.48269117493), (1718265237.049, 67650.62751978265), (1718265242.065, 67650.55557112592), (1718265247.117, 67650.55557112592), (1718265252.057, 67654.74950794475), (1718265257.053, 67658.11455376918), (1718265262.128, 67659.77375088118), (1718265267.052, 67661.23923563179), (1718265272.072, 67661.97605368304), (1718265277.219, 67666.1918293564), (1718265282.142, 67660.43770484666), (1718265288.829, 67669.42073815112), (1718265292.155, 67669.86594593662), (1718265299.545, 67666.54674382381)]",,1718265177.4923148
,,sell,60,completed,67685.35685363835,1718265487.123,67688.41038212665,loss,1718265242594,RSI Overbought,"[(1718265427.068, 67685.35685363835), (1718265433.805, 67683.6638800239), (1718265438.787, 67685.63345861556), (1718265442.155, 67684.32253162815), (1718265448.843, 67685.07233665146), (1718265452.145, 67685.0911556323), (1718265457.219, 67683.10226290635), (1718265462.27, 67683.10226290635), (1718265469.348, 67686.94599769953), (1718265472.217, 67686.94599769953), (1718265477.251, 67687.68342481159), (1718265482.153, 67688.34556874588), (1718265487.123, 67688.41038212665)]",,1718265422.5947502
,,sell,60,completed,67696.36501677953,1718265552.061,67700.14007120242,loss,1718265307609,RSI Overbought,"[(1718265492.128, 67696.36501677953), (1718265497.065, 67694.33337859722), (1718265502.117, 67691.00575342328), (1718265507.051, 67691.31409819653), (1718265512.071, 67691.13440558387), (1718265517.065, 67693.36811450198), (1718265522.053, 67694.51196709885), (1718265527.058, 67694.51196709885), (1718265532.067, 67693.0011458028), (1718265537.051, 67691.65790505077), (1718265542.066, 67691.65790505077), (1718265547.069, 67700.1407783985), (1718265552.061, 67700.14007120242)]",,1718265487.6091948
,,buy,120,completed,67704.26343485563,1718265697.117,67711.73629827276,win,1718265392651,SMA Crossover,"[(1718265577.059, 67704.26343485563), (1718265582.051, 67695.93645311336), (1718265587.052, 67700.04102164287), (1718265592.063, 67700.04102164287), (1718265597.05, 67712.3537457021), (1718265602.079, 67712.42560764824), (1718265607.121, 67708.85074572299), (1718265612.068, 67708.78353477399), (1718265617.052, 67705.22482803576), (1718265622.071, 67705.22482803576), (1718265627.873, 67704.08769201222), (1718265632.724, 67711.68523563312), (1718265637.744, 67704.19588834657), (1718265642.197, 67710.52100337305), (1718265649.259, 67710.61047540767), (1718265652.718, 67708.31948129633), (1718265659.529, 67709.8878276047), (1718265663.133, 67712.50165283709), (1718265667.147, 67712.50165283709), (1718265673.619, 67713.53636424243), (1718265677.152, 67712.37419590434), (1718265682.124, 67712.6226941271), (1718265687.419, 67712.83554844462), (1718265692.066, 67713.10374990808), (1718265697.117, 67711.73629827276)]",,1718265572.6516433
,,sell,60,completed,67706.52983585109,1718265797.123,67699.75354879172,win,1718265552718,RSI Overbought,"[(1718265737.059, 67706.52983585109), (1718265742.065, 67705.6787709062), (1718265747.05, 67705.6787709062), (1718265752.057, 67708.44677747389), (1718265757.059, 67706.29876467031), (1718265762.053, 67705.50098708582), (1718265767.052, 67705.50098708582), (1718265772.068, 67696.4100087956), (1718265777.052, 67685.95383321906), (1718265782.057, 67689.88939857461), (1718265787.077, 67697.25278592399), (1718265792.06, 67700.09328514243), (1718265797.123, 67699.75354879172)]",,1718265732.718929
,,buy,120,completed,67732.90945172442,1718266137.045,67731.91868875336,loss,1718265832718,SMA Crossover,"[(1718266013.332, 67732.90945172442), (1718266017.136, 67726.9953786637), (1718266023.93, 67728.72824220343), (1718266027.151, 67726.97458612538), (1718266033.722, 67725.3778795595), (1718266037.327, 67727.92933205847), (1718266042.151, 67730.51370739377), (1718266047.121, 67736.43486558992), (1718266052.07, 67730.40951717466), (1718266057.072, 67732.12084078127), (1718266062.053, 67732.14899719576), (1718266067.045, 67734.70419589919), (1718266072.062, 67735.58092387948), (1718266077.05, 67735.28330035094), (1718266082.069, 67735.28330035094), (1718266087.064, 67736.52701276871), (1718266092.053, 67736.21765484869), (1718266097.048, 67734.66270107773), (1718266102.059, 67734.76992517013), (1718266107.045, 67735.64506963654), (1718266112.064, 67734.89122396243), (1718266117.057, 67734.57344042473), (1718266122.051, 67736.89874680027), (1718266127.048, 67736.89874680027), (1718266132.063, 67734.52770310987), (1718266137.045, 67731.91868875336)]",,1718266012.7185316
,,sell,60,completed,67736.89874680027,1718266188.341,67730.67312396092,win,1718265942547,RSI Overbought,"[(1718266127.048, 67736.89874680027), (1718266132.063, 67734.52770310987), (1718266142.05, 67725.06096183554), (1718266147.063, 67726.99374724293), (1718266152.062, 67726.50273938119), (1718266157.054, 67726.85077597384), (1718266162.059, 67731.55884558457), (1718266167.132, 67732.55858604655), (1718266172.129, 67729.29300105301), (1718266177.139, 67729.29300105301), (1718266182.135, 67729.33479391906), (1718266188.341, 67730.67312396092)]",,1718266122.5476084
,,sell,60,completed,67730.67312396092,1718266247.055,67728.51279842324,win,1718266003825,RSI Overbought,"[(1718266192.222, 67731.29059478619), (1718266198.432, 67728.07809209927), (1718266202.139, 67728.84546638741), (1718266207.119, 67731.08353764644), (1718266212.124, 67731.73954250808), (1718266217.061, 67731.96991273137), (1718266222.065, 67733.42156176674), (1718266227.045, 67733.42156176674), (1718266232.052, 67733.48637607778), (1718266237.054, 67732.7797601981), (1718266242.046, 67732.7797601981), (1718266247.055, 67728.51279842324)]",,1718266183.8250077
,,sell,60,completed,67713.40372184603,1718266363.598,67703.10185676227,win,1718266122543,RSI Overbought,"[(1718266307.049, 67713.40372184603), (1718266312.058, 67713.92454242583), (1718266317.044, 67712.13927406952), (1718266322.065, 67711.74674342506), (1718266327.064, 67710.95028943454), (1718266332.053, 67708.63295414776), (1718266337.048, 67702.93795437526), (1718266342.068, 67703.56095740297), (1718266347.38, 67703.45038266848), (1718266352.065, 67702.00342409062), (1718266358.643, 67701.09000894902), (1718266363.598, 67703.10185676227)]",,1718266302.5435476
,,buy,120,completed,67648.4987468475,1718266907.93,67648.93289488895,win,1718266602600,SMA Crossover,"[(1718266787.051, 67648.4987468475), (1718266792.062, 67646.96900053829), (1718266797.044, 67646.01036691514), (1718266802.061, 67643.2754775934), (1718266807.067, 67643.2754775934), (1718266812.065, 67661.70286039224), (1718266817.05, 67657.5111767062), (1718266822.06, 67658.07959740802), (1718266827.046, 67667.076834245), (1718266832.064, 67666.77009720511), (1718266837.061, 67663.95418319812), (1718266842.049, 67657.40630013755), (1718266847.061, 67661.2216989936), (1718266852.062, 67661.47152892764), (1718266857.051, 67668.01443438865), (1718266862.055, 67659.68099655765), (1718266867.114, 67659.75318430488), (1718266872.961, 67658.7498065826), (1718266877.05, 67655.5641022249), (1718266883.204, 67653.11933756458), (1718266887.326, 67653.33884567859), (1718266892.143, 67649.718937246), (1718266897.944, 67650.18515438268), (1718266902.123, 67648.93289488895), (1718266907.93, 67648.93289488895)]",,1718266782.6005683
,,sell,60,completed,67648.93289488895,1718266967.057,67650.8434499667,loss,1718266723122,RSI Overbought,"[(1718266912.142, 67652.95155590524), (1718266918.274, 67655.01544411811), (1718266922.142, 67654.5172261503), (1718266927.055, 67653.61510629857), (1718266932.051, 67653.36240577648), (1718266937.051, 67652.71210186521), (1718266942.056, 67652.71210186521), (1718266947.047, 67653.17060090252), (1718266952.05, 67653.26679657654), (1718266957.056, 67653.25955132769), (1718266962.047, 67653.25955132769), (1718266967.057, 67650.8434499667)]",,1718266903.122587
,,buy,120,completed,67587.32714891533,1718269057.123,67584.06715281279,loss,1718268752433,SMA Crossover,"[(1718268937.108, 67587.32714891533), (1718268942.051, 67589.8121245631), (1718268947.046, 67587.83816351161), (1718268952.061, 67591.59114362118), (1718268957.044, 67596.66204035758), (1718268962.062, 67587.69723976839), (1718268967.057, 67586.75241951326), (1718268972.051, 67585.80179870076), (1718268977.048, 67584.68334671542), (1718268982.053, 67584.68334671542), (1718268987.044, 67601.68350987692), (1718268992.051, 67600.7128117018), (1718268997.059, 67597.84187561777), (1718269002.054, 67591.00127913682), (1718269007.045, 67584.49931029219), (1718269012.061, 67584.49931029219), (1718269017.045, 67584.65889646743), (1718269022.053, 67583.52652531672), (1718269027.352, 67584.09774120947), (1718269032.055, 67582.23709132707), (1718269037.049, 67583.10669239124), (1718269042.134, 67584.4840924689), (1718269047.122, 67582.82561903092), (1718269052.13, 67584.52049221475), (1718269057.123, 67584.06715281279)]",,1718268932.433781
,,sell,60,completed,67591.00127913682,1718269063.74,67584.36622140658,win,1718268817461,RSI Overbought,"[(1718269002.054, 67591.00127913682), (1718269007.045, 67584.49931029219), (1718269012.061, 67584.49931029219), (1718269017.045, 67584.65889646743), (1718269022.053, 67583.52652531672), (1718269027.352, 67584.09774120947), (1718269032.055, 67582.23709132707), (1718269037.049, 67583.10669239124), (1718269042.134, 67584.4840924689), (1718269047.122, 67582.82561903092), (1718269052.13, 67584.52049221475), (1718269063.74, 67584.36622140658)]",,1718268997.461522
,,sell,60,completed,67571.51837612974,1718269147.062,67565.088230841,win,1718268902513,RSI Overbought,"[(1718269087.139, 67571.51837612974), (1718269092.466, 67573.93807933264), (1718269097.064, 67571.80410379222), (1718269102.061, 67571.80410379222), (1718269107.063, 67568.3004353506), (1718269112.055, 67564.7671045425), (1718269117.05, 67564.00361940527), (1718269122.047, 67565.19210309762), (1718269127.047, 67567.92697040208), (1718269132.06, 67566.40308152487), (1718269137.044, 67561.07916671335), (1718269142.051, 67561.03866931681), (1718269147.062, 67565.088230841)]",,1718269082.5136364
,,buy,120,completed,67554.64441316474,1718269492.057,67552.89532667925,loss,1718269187436,SMA Crossover,"[(1718269372.063, 67554.64441316474), (1718269377.045, 67560.9018400913), (1718269382.053, 67565.07592290944), (1718269387.064, 67562.33761074908), (1718269392.047, 67564.21537966459), (1718269397.046, 67564.26592680592), (1718269402.138, 67566.99448905289), (1718269407.135, 67562.87408732563), (1718269412.148, 67566.82528323404), (1718269417.135, 67561.70438796686), (1718269422.064, 67540.92628620492), (1718269427.138, 67556.75660714667), (1718269432.531, 67556.73056948633), (1718269437.539, 67543.98705895703), (1718269442.064, 67549.49599263663), (1718269447.063, 67553.21450948431), (1718269452.062, 67550.68670230587), (1718269457.052, 67553.03345864038), (1718269462.062, 67549.86899747844), (1718269467.045, 67547.86565710047), (1718269472.051, 67548.4312037733), (1718269477.058, 67548.06782514795), (1718269482.055, 67547.64295208965), (1718269487.046, 67548.60424806875), (1718269492.057, 67552.89532667925)]",,1718269367.4360332
,,buy,120,completed,67555.6613983193,1718269622.731,67534.67853234812,loss,1718269318067,SMA Crossover,"[(1718269502.064, 67555.6613983193), (1718269507.063, 67552.267142857), (1718269512.052, 67552.267142857), (1718269517.053, 67538.7607108418), (1718269522.058, 67534.23073807944), (1718269527.045, 67529.00953320811), (1718269532.066, 67526.17666874567), (1718269537.057, 67541.90169055774), (1718269542.047, 67518.04498366454), (1718269547.048, 67528.03817700596), (1718269552.077, 67530.13447239803), (1718269557.043, 67522.77843865768), (1718269562.052, 67529.18779631997), (1718269567.062, 67532.11754865653), (1718269572.052, 67521.18870162175), (1718269577.044, 67528.59086690404), (1718269582.223, 67525.93770780551), (1718269587.067, 67524.54776385073), (1718269592.635, 67522.61690580532), (1718269597.066, 67524.10009405664), (1718269604.204, 67523.9834665169), (1718269608.148, 67532.46138934763), (1718269612.143, 67532.46138934763), (1718269617.219, 67534.96377434913), (1718269622.731, 67534.67853234812)]",,1718269498.0673773
,,buy,120,completed,67518.35623630084,1718269927.064,67527.4695016482,win,1718269623766,SMA Crossover,"[(1718269807.059, 67518.35623630084), (1718269812.063, 67513.20272599172), (1718269817.049, 67505.38356569767), (1718269822.059, 67500.16300816204), (1718269827.047, 67500.16300816204), (1718269832.056, 67503.85908935922), (1718269837.058, 67500.39608157714), (1718269842.05, 67500.75231195243), (1718269847.048, 67503.90211869008), (1718269852.056, 67505.67942586573), (1718269857.045, 67502.1693252837), (1718269862.057, 67502.3936999418), (1718269867.062, 67503.77751540099), (1718269872.051, 67511.57338144927), (1718269877.054, 67512.65479821364), (1718269882.058, 67512.65479821364), (1718269887.044, 67514.68954411095), (1718269892.063, 67512.20517285117), (1718269897.046, 67517.068379077), (1718269902.047, 67513.2901060224), (1718269907.048, 67513.4281954299), (1718269912.055, 67513.38396161073), (1718269917.045, 67521.94797007911), (1718269922.054, 67529.9989846414), (1718269927.064, 67527.4695016482)]",,1718269803.7665882
,,sell,60,completed,67517.068379077,1718269954.13,67534.49911713508,loss,1718269712612,RSI Overbought,"[(1718269897.046, 67517.068379077), (1718269902.047, 67513.2901060224), (1718269907.048, 67513.4281954299), (1718269912.055, 67513.38396161073), (1718269917.045, 67521.94797007911), (1718269922.054, 67529.9989846414), (1718269932.048, 67532.8455436244), (1718269937.045, 67534.85864284575), (1718269943.386, 67534.85864284575), (1718269947.129, 67535.64595729139), (1718269954.13, 67534.49911713508)]",,1718269892.6126764
,,sell,60,completed,67505.7243351324,1718270202.048,67510.44849090013,loss,1718269959341,RSI Overbought,"[(1718270142.145, 67505.7243351324), (1718270147.141, 67502.95613097111), (1718270152.412, 67502.95613097111), (1718270157.145, 67500.33907506173), (1718270162.119, 67500.33907506173), (1718270167.065, 67502.96312600173), (1718270172.048, 67500.53190012036), (1718270177.062, 67500.53190012036), (1718270182.065, 67504.9131442649), (1718270187.046, 67504.03747477327), (1718270192.052, 67504.49644322174), (1718270197.059, 67509.56576073002), (1718270202.048, 67510.44849090013)]",,1718270139.3411057
,,buy,120,completed,67493.93734829161,1718270372.059,67468.99305641044,loss,1718270067818,SMA Crossover,"[(1718270252.05, 67493.93734829161), (1718270257.062, 67497.35749655581), (1718270262.056, 67499.0491836332), (1718270267.051, 67500.01491618733), (1718270272.072, 67499.79119519748), (1718270277.05, 67499.68676565283), (1718270282.066, 67498.70257901114), (1718270287.066, 67497.7594326751), (1718270292.053, 67497.70476931472), (1718270297.052, 67491.77004170993), (1718270302.128, 67489.83208092826), (1718270307.054, 67485.75131120332), (1718270312.858, 67485.69848013944), (1718270317.125, 67487.5711654307), (1718270322.125, 67484.98384534093), (1718270327.152, 67484.26432675103), (1718270333.228, 67486.26531638125), (1718270337.147, 67489.32565198648), (1718270342.218, 67483.91583187286), (1718270347.85, 67483.24445690826), (1718270352.219, 67483.20043121217), (1718270357.129, 67485.4018956531), (1718270362.12, 67484.25480495303), (1718270367.069, 67473.10358190077), (1718270372.059, 67468.99305641044)]",,1718270247.8180597
,,buy,120,completed,67468.28769197663,1718270522.071,67452.82559132761,loss,1718270217413,SMA Crossover,"[(1718270402.064, 67468.28769197663), (1718270407.117, 67467.01461965908), (1718270412.079, 67467.78974382913), (1718270417.056, 67463.70955615102), (1718270422.066, 67459.58339706206), (1718270427.053, 67458.34347602724), (1718270432.061, 67453.26096260823), (1718270437.076, 67458.29920971456), (1718270442.062, 67453.99297665402), (1718270447.052, 67455.24088040164), (1718270452.068, 67459.77122486576), (1718270457.385, 67463.60941784053), (1718270462.06, 67464.98434727736), (1718270467.118, 67446.86429314106), (1718270472.62, 67446.55945421768), (1718270479.391, 67443.78302082207), (1718270483.176, 67449.83271544606), (1718270487.558, 67446.08934882298), (1718270492.136, 67450.97130490815), (1718270498.943, 67447.27854719221), (1718270502.511, 67444.67940425806), (1718270507.15, 67444.67940425806), (1718270512.64, 67432.23460434334), (1718270517.145, 67440.02310070583), (1718270522.071, 67452.82559132761)]",,1718270397.413184
,,buy,120,completed,67358.9423135135,1718270927.055,67349.64963035248,loss,1718270622523,SMA Crossover,"[(1718270807.058, 67358.9423135135), (1718270812.068, 67352.39805007145), (1718270817.05, 67354.02982503662), (1718270822.063, 67356.71365987428), (1718270827.07, 67345.2535608102), (1718270832.059, 67338.86606648557), (1718270837.066, 67337.17011050529), (1718270842.129, 67337.17011050529), (1718270848.728, 67327.63133818413), (1718270852.131, 67336.62222356815), (1718270858.629, 67333.69121991006), (1718270862.145, 67339.30946979184), (1718270868.721, 67347.4400682614), (1718270872.441, 67349.11382988775), (1718270877.242, 67347.43250417842), (1718270883.745, 67345.94319330322), (1718270887.548, 67345.60194566299), (1718270892.517, 67350.7184023257), (1718270897.122, 67348.5777995515), (1718270902.068, 67352.34051991615), (1718270907.068, 67350.72429716896), (1718270912.065, 67349.46523939264), (1718270917.117, 67348.30217795806), (1718270922.066, 67349.64963035248), (1718270927.055, 67349.64963035248)]",,1718270802.5232801
,,buy,120,completed,67349.86771781227,1718271207.138,67303.45611507825,loss,1718270902530,SMA Crossover,"[(1718271087.219, 67349.86771781227), (1718271092.07, 67349.84143637578), (1718271097.119, 67345.36339535932), (1718271102.067, 67345.36339535932), (1718271107.05, 67345.36339535932), (1718271112.062, 67317.14514824047), (1718271117.049, 67283.50921273841), (1718271122.088, 67309.02871061538), (1718271127.07, 67309.02871061538), (1718271132.052, 67300.54966830986), (1718271137.057, 67299.45748492877), (1718271142.069, 67289.8212342047), (1718271147.049, 67290.95879968359), (1718271152.053, 67294.58747926353), (1718271157.069, 67294.58747926353), (1718271162.051, 67299.10699670616), (1718271167.068, 67297.90720326176), (1718271172.073, 67298.74467867818), (1718271177.053, 67303.50548282322), (1718271182.061, 67303.7943818309), (1718271187.117, 67303.88411483409), (1718271192.079, 67305.56247857974), (1718271197.053, 67311.10781115376), (1718271202.12, 67311.10781115376), (1718271207.138, 67303.45611507825)]",,1718271082.5309932
,,sell,60,completed,67294.58747926353,1718271212.127,67303.45611507825,loss,1718270967514,RSI Overbought,"[(1718271152.053, 67294.58747926353), (1718271157.069, 67294.58747926353), (1718271162.051, 67299.10699670616), (1718271167.068, 67297.90720326176), (1718271172.073, 67298.74467867818), (1718271177.053, 67303.50548282322), (1718271182.061, 67303.7943818309), (1718271187.117, 67303.88411483409), (1718271192.079, 67305.56247857974), (1718271197.053, 67311.10781115376), (1718271202.12, 67311.10781115376), (1718271212.127, 67303.45611507825)]",,1718271147.5140529
,,sell,60,completed,67310.26558882998,1718271457.121,67319.56318789125,loss,1718271213034,RSI Overbought,"[(1718271397.429, 67310.26558882998), (1718271403.14, 67311.81909067076), (1718271408.324, 67311.81909067076), (1718271412.302, 67304.60914820064), (1718271417.323, 67308.35856087605), (1718271424.622, 67307.86903881929), (1718271428.831, 67313.21031189918), (1718271433.003, 67313.46274105468), (1718271437.211, 67316.54431510875), (1718271442.139, 67318.98231718635), (1718271448.109, 67317.8496327521), (1718271452.113, 67319.5977529107), (1718271457.121, 67319.56318789125)]",,1718271393.0344448
,,sell,60,completed,67318.81854825128,1718271522.052,67324.2549652717,loss,1718271278071,RSI Overbought,"[(1718271462.048, 67318.81854825128), (1718271467.068, 67322.47317441576), (1718271472.154, 67320.88541128804), (1718271477.046, 67317.41975693934), (1718271482.067, 67315.19470434905), (1718271487.126, 67315.19470434905), (1718271492.079, 67321.72450070926), (1718271497.064, 67329.00643865661), (1718271502.142, 67328.07035132528), (1718271507.057, 67336.73747347711), (1718271512.336, 67338.39670834561), (1718271517.144, 67338.39670834561), (1718271522.052, 67324.2549652717)]",,1718271458.0718322
,,buy,120,completed,67221.20447434673,1718271977.057,67230.28790354353,win,1718271673119,SMA Crossover,"[(1718271857.056, 67221.20447434673), (1718271862.075, 67221.20447434673), (1718271867.053, 67216.80942172479), (1718271872.065, 67217.77930219425), (1718271877.075, 67217.4587869486), (1718271882.063, 67217.65881632121), (1718271887.07, 67217.04532957825), (1718271892.076, 67216.66530308659), (1718271897.053, 67201.19411560806), (1718271902.058, 67198.93715426097), (1718271907.131, 67204.156408107), (1718271912.066, 67208.37064634768), (1718271917.057, 67211.35805033108), (1718271922.14, 67221.99597174741), (1718271927.053, 67217.06649001563), (1718271932.132, 67218.79273025527), (1718271937.151, 67210.05793273343), (1718271942.152, 67211.85747047381), (1718271947.122, 67208.70420531026), (1718271952.227, 67220.49022678834), (1718271958.528, 67232.56564114528), (1718271962.143, 67228.77199473127), (1718271967.531, 67229.96478984383), (1718271972.425, 67230.28790354353), (1718271977.057, 67230.28790354353)]",,1718271853.1191223
,,buy,120,completed,67271.96363447235,1718272087.121,67271.96363447235,loss,1718269623766,SMA Crossover,"[(1718272087.121, 67271.96363447235)]",,1718269803.7665882
,,sell,60,completed,67264.8100087505,1718272094.739,67264.8100087505,loss,1718269712612,RSI Overbought,"[(1718272094.739, 67264.8100087505)]",,1718269892.6126764
,,buy,120,completed,67326.14461323601,1718272557.054,67342.14040229756,win,1718272252495,SMA Crossover,"[(1718272437.052, 67326.14461323601), (1718272442.062, 67326.14461323601), (1718272447.15, 67326.12469890581), (1718272453.015, 67325.95116506002), (1718272457.639, 67324.61210657196), (1718272462.618, 67324.61210657196), (1718272470.273, 67321.2368267055), (1718272472.143, 67326.0401537694), (1718272477.148, 67326.0401537694), (1718272482.154, 67330.39909469377), (1718272487.324, 67330.39909469377), (1718272492.241, 67328.83520977617), (1718272497.139, 67333.85337000262), (1718272502.063, 67335.3331586032), (1718272507.071, 67334.29006133757), (1718272512.065, 67337.0963932502), (1718272517.058, 67339.29100085044), (1718272522.08, 67338.6044937369), (1718272527.051, 67340.86768997453), (1718272532.06, 67342.21337047615), (1718272537.083, 67348.86975213759), (1718272542.053, 67341.39932329292), (1718272547.058, 67341.60929027329), (1718272552.074, 67338.31337473729), (1718272557.054, 67342.14040229756)]",,1718272432.4954615
,,sell,60,completed,67333.85337000262,1718272562.071,67338.81452171244,loss,1718272314662,RSI Overbought,"[(1718272497.139, 67333.85337000262), (1718272502.063, 67335.3331586032), (1718272507.071, 67334.29006133757), (1718272512.065, 67337.0963932502), (1718272517.058, 67339.29100085044), (1718272522.08, 67338.6044937369), (1718272527.051, 67340.86768997453), (1718272532.06, 67342.21337047615), (1718272537.083, 67348.86975213759), (1718272542.053, 67341.39932329292), (1718272547.058, 67341.60929027329), (1718272552.074, 67338.31337473729), (1718272562.071, 67338.81452171244)]",,1718272494.6627543
,,sell,60,completed,67338.81452171244,1718272622.064,67374.88127448165,loss,1718272377863,RSI Overbought,"[(1718272567.123, 67340.66567742595), (1718272572.075, 67347.37204846344), (1718272577.058, 67356.00370436121), (1718272582.072, 67355.44915145423), (1718272587.052, 67356.82402708149), (1718272592.067, 67360.30547849937), (1718272597.073, 67361.80136345928), (1718272602.054, 67360.39794692013), (1718272607.064, 67363.0813922024), (1718272612.121, 67360.9652312354), (1718272617.054, 67374.25662663487), (1718272622.064, 67374.88127448165)]",,1718272557.8637166
,,sell,60,completed,67415.5095697905,1718272867.144,67416.26059244943,loss,1718272622476,RSI Overbought,"[(1718272807.135, 67415.5095697905), (1718272814.469, 67415.53617458766), (1718272817.066, 67409.37454520508), (1718272822.219, 67409.37454520508), (1718272828.429, 67406.45385629716), (1718272834.13, 67407.17289685611), (1718272838.029, 67406.69120530409), (1718272842.222, 67408.40843027714), (1718272847.144, 67407.33845111192), (1718272852.136, 67405.72930328439), (1718272857.157, 67411.44931185847), (1718272862.123, 67414.76046375153), (1718272867.144, 67416.26059244943)]",,1718272802.4765947
,,sell,60,completed,67416.26059244943,1718272927.117,67401.56134556819,win,1718272683359,RSI Overbought,"[(1718272872.072, 67409.46135620616), (1718272877.237, 67407.10627283795), (1718272882.15, 67415.81173688025), (1718272887.127, 67415.9276351841), (1718272892.182, 67411.3978873922), (1718272897.137, 67411.3978873922), (1718272902.053, 67412.66534177642), (1718272907.054, 67414.08984394782), (1718272912.142, 67405.80863174296), (1718272917.051, 67410.01008334037), (1718272922.058, 67410.01008334037), (1718272927.117, 67401.56134556819)]",,1718272863.359602
,,sell,60,completed,67405.80683314143,1718272992.059,67442.5867703798,loss,1718272747888,RSI Overbought,"[(1718272932.054, 67405.80683314143), (1718272937.057, 67414.5020627144), (1718272942.126, 67419.32731172709), (1718272947.05, 67417.86625622112), (1718272952.058, 67422.41512353942), (1718272957.067, 67413.87052338208), (1718272962.058, 67419.8753606835), (1718272967.059, 67421.91092529193), (1718272972.066, 67418.19376821435), (1718272977.05, 67428.05835042773), (1718272982.075, 67426.35553849199), (1718272987.132, 67434.71827718202), (1718272992.059, 67442.5867703798)]",,1718272927.8881767
,,sell,60,completed,67350.45753752429,1718273412.077,67350.45753752429,loss,1718272992612,RSI Overbought,"[(1718273412.077, 67350.45753752429)]",,1718273172.6123166
,,sell,60,completed,67270.1345246489,1718273642.059,67270.1345246489,loss,1718272992612,RSI Overbought,"[(1718273642.059, 67270.1345246489)]",,1718273172.6123166
,,sell,60,completed,67287.95836590735,1718273702.061,67287.95836590735,loss,1718272992612,RSI Overbought,"[(1718273702.061, 67287.95836590735)]",,1718273172.6123166
,,sell,60,completed,67256.80201150238,1718273727.941,67256.80201150238,loss,1718272992612,RSI Overbought,"[(1718273727.941, 67256.80201150238)]",,1718273172.6123166
,,buy,120,completed,67335.42848337299,1718274227.061,67351.57593585824,win,1718273922548,SMA Crossover,"[(1718274104.03, 67335.42848337299), (1718274107.14, 67345.88793958204), (1718274113.03, 67346.79568598667), (1718274117.229, 67346.39261003122), (1718274122.13, 67341.91949966222), (1718274127.154, 67349.03387325109), (1718274132.14, 67348.17412490236), (1718274137.123, 67353.05057101276), (1718274142.12, 67348.64286936534), (1718274147.068, 67348.64286936534), (1718274152.071, 67348.51900979364), (1718274157.075, 67350.08289187665), (1718274162.052, 67349.26999410985), (1718274167.059, 67353.7941530743), (1718274172.135, 67351.3933490921), (1718274177.051, 67351.90473588157), (1718274182.061, 67351.48584124206), (1718274187.129, 67350.89379694882), (1718274192.055, 67350.91542162054), (1718274197.055, 67353.09059860744), (1718274202.126, 67353.09059860744), (1718274207.051, 67356.7741313095), (1718274212.07, 67353.83228083605), (1718274217.117, 67349.73093510226), (1718274222.052, 67348.22124981068), (1718274227.061, 67351.57593585824)]",,1718274102.5484903
,,sell,60,completed,67350.89379694882,1718274247.129,67356.68603690312,loss,1718274002505,RSI Overbought,"[(1718274187.129, 67350.89379694882), (1718274192.055, 67350.91542162054), (1718274197.055, 67353.09059860744), (1718274202.126, 67353.09059860744), (1718274207.051, 67356.7741313095), (1718274212.07, 67353.83228083605), (1718274217.117, 67349.73093510226), (1718274222.052, 67348.22124981068), (1718274232.228, 67353.8766764248), (1718274237.049, 67353.79225372717), (1718274242.061, 67355.76909976322), (1718274247.129, 67356.68603690312)]",,1718274182.5058403
,,sell,60,completed,67356.68603690312,1718274312.076,67358.34378101262,loss,1718274067628,RSI Overbought,"[(1718274252.806, 67356.68603690312), (1718274257.058, 67355.70229223429), (1718274263.833, 67351.73495635214), (1718274267.228, 67351.73495635214), (1718274272.123, 67349.57548193737), (1718274277.151, 67353.47209212641), (1718274282.132, 67357.64078066305), (1718274287.129, 67360.70431763382), (1718274292.124, 67360.48920903738), (1718274297.05, 67361.25208341506), (1718274302.063, 67361.3731158603), (1718274307.125, 67354.37920651677), (1718274312.076, 67358.34378101262)]",,1718274247.6284516
,,buy,120,completed,67362.45471118884,1718274777.049,67375.24390984973,win,1718274472902,SMA Crossover,"[(1718274657.142, 67362.45471118884), (1718274662.072, 67362.45471118884), (1718274667.126, 67365.28597915388), (1718274672.064, 67367.90733407202), (1718274677.07, 67363.01290903092), (1718274682.127, 67361.11122654995), (1718274687.05, 67365.88527291146), (1718274692.06, 67365.96785334958), (1718274697.128, 67365.9636135378), (1718274702.053, 67367.71402660785), (1718274707.06, 67365.34394556705), (1718274712.134, 67363.22751853391), (1718274717.051, 67365.23099373182), (1718274722.057, 67373.43257567701), (1718274727.125, 67373.43257567701), (1718274732.062, 67374.18470347147), (1718274737.058, 67370.16275102229), (1718274742.073, 67370.16275102229), (1718274747.051, 67374.49158395178), (1718274752.063, 67376.59996577248), (1718274757.074, 67376.59996577248), (1718274762.063, 67375.41975394014), (1718274767.06, 67373.17371081126), (1718274772.073, 67370.87072754161), (1718274777.049, 67375.24390984973)]",,1718274652.9021852
,,sell,60,completed,67376.56817855456,1718274847.736,67370.36752667963,win,1718274602492,RSI Overbought,"[(1718274787.13, 67376.56817855456), (1718274792.057, 67390.87071500045), (1718274797.056, 67369.84926359073), (1718274802.125, 67369.94880124838), (1718274807.053, 67373.82020581182), (1718274812.068, 67377.2453166055), (1718274817.23, 67371.20926334153), (1718274822.143, 67368.93953047553), (1718274827.129, 67369.39690311931), (1718274832.452, 67370.19451596893), (1718274838.73, 67369.42754188039), (1718274842.142, 67367.73795024726), (1718274847.736, 67370.36752667963)]",,1718274782.4927943
,,sell,60,completed,67380.21091159276,1718274997.219,67385.51002775377,loss,1718274752481,RSI Overbought,"[(1718274937.12, 67380.21091159276), (1718274942.053, 67373.41406398201), (1718274947.053, 67371.05859381164), (1718274952.222, 67368.62032531203), (1718274957.048, 67363.96589438592), (1718274962.065, 67369.15762956753), (1718274967.124, 67367.18885104735), (1718274973.891, 67365.97542790374), (1718274978.764, 67378.10987160652), (1718274982.219, 67397.56425785241), (1718274987.144, 67385.81021374298), (1718274992.124, 67385.51002775377), (1718274997.219, 67385.51002775377)]",,1718274932.4813256
,,sell,60,completed,67374.47105261618,1718275704.327,67580.75752225661,loss,1718274872524,RSI Overbought,"[(1718275067.055, 67374.47105261618), (1718275072.134, 67380.41623138249), (1718275077.05, 67378.60691665368), (1718275087.128, 67384.79583411878), (1718275092.069, 67398.61404896347), (1718275097.053, 67390.6678118367), (1718275704.327, 67580.75752225661)]",,1718275052.5241194
,,buy,120,completed,67580.75752225661,1718275707.137,67584.7347748983,win,1718275002747,SMA Crossover,"[(1718275707.137, 67584.7347748983)]",,1718275182.7475986
,,sell,60,completed,67374.47105261618,1718275947.053,67662.38823553237,loss,1718274872524,RSI Overbought,"[(1718275067.055, 67374.47105261618), (1718275072.134, 67380.41623138249), (1718275077.05, 67378.60691665368), (1718275087.128, 67384.79583411878), (1718275092.069, 67398.61404896347), (1718275097.053, 67390.6678118367), (1718275947.053, 67662.38823553237)]",,1718275052.5241194
,,buy,120,completed,67662.38823553237,1718275952.057,67665.71818686443,win,1718275002747,SMA Crossover,"[(1718275952.057, 67665.71818686443)]",,1718275182.7475986
,,sell,60,completed,67374.47105261618,1718276057.057,67733.88715419783,loss,1718274872524,RSI Overbought,"[(1718275067.055, 67374.47105261618), (1718275072.134, 67380.41623138249), (1718275077.05, 67378.60691665368), (1718275087.128, 67384.79583411878), (1718275092.069, 67398.61404896347), (1718275097.053, 67390.6678118367), (1718276057.057, 67733.88715419783)]",,1718275052.5241194
,,buy,120,completed,67733.88715419783,1718276062.124,67742.6085818171,win,1718275002747,SMA Crossover,"[(1718276062.124, 67742.6085818171)]",,1718275182.7475986
,,sell,60,completed,67374.47105261618,1718276954.803,67839.3967569542,loss,1718274872524,RSI Overbought,"[(1718275067.055, 67374.47105261618), (1718275072.134, 67380.41623138249), (1718275077.05, 67378.60691665368), (1718275087.128, 67384.79583411878), (1718275092.069, 67398.61404896347), (1718275097.053, 67390.6678118367), (1718276954.803, 67839.3967569542)]",,1718275052.5241194
,,buy,120,completed,67839.3967569542,1718276957.154,67838.5943358351,loss,1718275002747,SMA Crossover,"[(1718276957.154, 67838.5943358351)]",,1718275182.7475986
,,sell,60,completed,67788.68563456515,1718280477.053,67796.10713772241,loss,1718280233409,RSI Overbought,"[(1718280417.127, 67788.68563456515), (1718280422.063, 67788.1010448885), (1718280427.066, 67788.33023105843), (1718280432.052, 67788.50586614234), (1718280437.048, 67788.50586614234), (1718280442.066, 67795.58207328034), (1718280447.048, 67796.3275772763), (1718280452.052, 67795.56271353115), (1718280457.125, 67793.77425749825), (1718280462.047, 67791.02574865102), (1718280467.05, 67793.94577523286), (1718280472.061, 67793.94577523286), (1718280477.053, 67796.10713772241)]",,1718280413.409871
,,buy,120,completed,67769.01526467512,1718280917.046,67822.25840642933,win,1718280612525,SMA Crossover,"[(1718280797.049, 67769.01526467512), (1718280802.068, 67768.93487845418), (1718280807.304, 67769.4287487975), (1718280812.052, 67771.62304859512), (1718280817.126, 67782.63161852372), (1718280822.049, 67782.63161852372), (1718280827.049, 67781.83119132592), (1718280832.123, 67781.83119132592), (1718280837.046, 67809.62456557789), (1718280842.053, 67813.3486485621), (1718280847.063, 67816.51830937437), (1718280852.056, 67816.51830937437), (1718280857.052, 67825.16570725101), (1718280862.064, 67822.87844897709), (1718280867.045, 67843.67305849674), (1718280872.054, 67834.64987102091), (1718280877.053, 67834.70911574518), (1718280882.055, 67835.07788728079), (1718280887.056, 67833.82446145223), (1718280892.064, 67835.09417232551), (1718280897.045, 67839.9552955878), (1718280902.055, 67831.82236977485), (1718280907.119, 67821.12724910707), (1718280912.053, 67832.06665221819), (1718280917.046, 67822.25840642933)]",,1718280792.5254679
,,buy,120,completed,67835.07788728079,1718281002.051,67824.03287159406,loss,1718280697507,SMA Crossover,"[(1718280882.055, 67835.07788728079), (1718280887.056, 67833.82446145223), (1718280892.064, 67835.09417232551), (1718280897.045, 67839.9552955878), (1718280902.055, 67831.82236977485), (1718280907.119, 67821.12724910707), (1718280912.053, 67832.06665221819), (1718280922.815, 67826.53447683925), (1718280927.064, 67828.30123730595), (1718280932.123, 67825.88743586077), (1718280937.223, 67824.96007196746), (1718280942.131, 67829.34527246108), (1718280947.067, 67829.34527246108), (1718280952.13, 67829.52498719443), (1718280957.14, 67836.39703496256), (1718280962.058, 67831.6549870366), (1718280967.124, 67828.90591201956), (1718280972.05, 67833.6283759726), (1718280977.047, 67836.21602848274), (1718280982.066, 67838.00440679563), (1718280987.048, 67835.69543451432), (1718280992.057, 67830.74255442298), (1718280997.066, 67827.46833070995), (1718281002.051, 67824.03287159406)]",,1718280877.5072725
,,sell,60,completed,67815.12400132629,1718281102.629,67796.05348957493,win,1718280857510,RSI Overbought,"[(1718281042.067, 67815.12400132629), (1718281047.046, 67811.87101354949), (1718281052.062, 67811.7238672684), (1718281057.065, 67811.7238672684), (1718281062.048, 67807.10406454375), (1718281067.052, 67809.0947037969), (1718281072.063, 67813.94256531718), (1718281077.047, 67793.50266471277), (1718281082.058, 67797.31149193761), (1718281087.064, 67795.30993517108), (1718281092.076, 67792.45046860393), (1718281097.054, 67799.3940868691), (1718281102.629, 67796.05348957493)]",,1718281037.5106235
,,buy,120,completed,67762.54594738483,1718281287.061,67788.50384115429,win,1718280982499,SMA Crossover,"[(1718281167.045, 67762.54594738483), (1718281172.053, 67771.89351111221), (1718281177.051, 67772.11949400573), (1718281182.046, 67772.11949400573), (1718281187.05, 67778.25835061696), (1718281192.064, 67778.25835061696), (1718281197.045, 67758.07769292178), (1718281202.056, 67758.07769292178), (1718281207.064, 67760.13243294934), (1718281212.074, 67760.81075617702), (1718281217.049, 67763.54339214084), (1718281222.067, 67760.09771911697), (1718281227.047, 67762.8187825288), (1718281232.071, 67763.19583054194), (1718281237.059, 67763.19583054194), (1718281242.052, 67768.17060432438), (1718281247.046, 67764.73584854028), (1718281252.061, 67765.99604253194), (1718281257.045, 67757.29489680837), (1718281262.052, 67756.21610409059), (1718281267.065, 67766.8209930882), (1718281272.052, 67777.03498982447), (1718281277.052, 67779.70494671343), (1718281282.066, 67780.34122557934), (1718281287.061, 67788.50384115429)]",,1718281162.4993849
,,buy,120,completed,67821.32116132508,1718281582.065,67829.80029169683,win,1718281277509,SMA Crossover,"[(1718281458.736, 67821.32116132508), (1718281462.834, 67825.47152546345), (1718281467.133, 67825.47152546345), (1718281472.128, 67828.06706292588), (1718281477.222, 67826.65219085143), (1718281482.147, 67825.83519988495), (1718281487.132, 67837.939901254), (1718281492.126, 67827.8516358756), (1718281497.044, 67834.63264045304), (1718281502.06, 67833.7493727777), (1718281507.138, 67831.19534620574), (1718281512.128, 67832.11207116276), (1718281517.052, 67831.9883063506), (1718281522.064, 67837.92444031844), (1718281527.048, 67834.57607006532), (1718281532.132, 67820.48261952747), (1718281537.063, 67823.24247112944), (1718281542.056, 67823.24247112944), (1718281547.098, 67832.45698396869), (1718281552.065, 67828.86853843428), (1718281557.045, 67822.2070677883), (1718281562.05, 67824.66105615335), (1718281567.07, 67819.05599109727), (1718281572.061, 67818.44862984652), (1718281577.056, 67829.80029169683), (1718281582.065, 67829.80029169683)]",,1718281457.5090847
,,sell,60,completed,67834.57607006532,1718281587.045,67834.80515272285,loss,1718281342590,RSI Overbought,"[(1718281527.048, 67834.57607006532), (1718281532.132, 67820.48261952747), (1718281537.063, 67823.24247112944), (1718281542.056, 67823.24247112944), (1718281547.098, 67832.45698396869), (1718281552.065, 67828.86853843428), (1718281557.045, 67822.2070677883), (1718281562.05, 67824.66105615335), (1718281567.07, 67819.05599109727), (1718281572.061, 67818.44862984652), (1718281577.056, 67829.80029169683), (1718281587.045, 67834.80515272285)]",,1718281522.5901814
,,buy,120,completed,67846.70826901437,1718281907.05,68296.15444740698,win,1718281602504,SMA Crossover,"[(1718281787.046, 67846.70826901437), (1718281792.059, 67851.98765174164), (1718281797.044, 67849.70354759131), (1718281802.063, 67845.17007942851), (1718281807.125, 67887.16241819852), (1718281814.942, 68254.56945147745), (1718281817.05, 68322.93811423804), (1718281822.068, 68322.93811423804), (1718281828.628, 68180.7924149552), (1718281832.127, 68180.7924149552), (1718281837.938, 68079.01965031483), (1718281842.13, 68004.20821173376), (1718281847.147, 68004.20821173376), (1718281852.126, 68138.13522757073), (1718281857.339, 68166.48952363162), (1718281862.066, 68165.68623549178), (1718281867.07, 68165.68623549178), (1718281872.048, 68165.4118583092), (1718281877.057, 68212.24985055505), (1718281882.063, 68213.73357558007), (1718281887.045, 68275.19306119588), (1718281892.051, 68269.65996741256), (1718281897.057, 68250.83234146069), (1718281902.047, 68265.97853838663), (1718281907.05, 68296.15444740698)]",,1718281782.5041199
,,sell,60,completed,68073.3130583343,1718282152.065,68074.31696934515,loss,1718281907970,RSI Overbought,"[(1718282092.065, 68073.3130583343), (1718282097.046, 68083.22988528931), (1718282102.06, 68103.11261338281), (1718282107.067, 68082.57813283276), (1718282112.061, 68064.9801915525), (1718282117.055, 68063.85273823772), (1718282122.066, 68063.85273823772), (1718282127.045, 68070.4862725653), (1718282132.053, 68070.40426618798), (1718282137.049, 68075.13690108094), (1718282142.047, 68064.1630799847), (1718282147.051, 68074.92434532176), (1718282152.065, 68074.31696934515)]",,1718282087.9704225
,,sell,60,completed,68037.452412034,1718282327.049,67928.3375156117,win,1718282082542,RSI Overbought,"[(1718282267.049, 68037.452412034), (1718282272.124, 68062.09780463032), (1718282277.045, 68019.43076770249), (1718282282.052, 67997.02973425837), (1718282287.132, 67920.30115327449), (1718282292.056, 67901.66615794595), (1718282297.052, 67900.56488875253), (1718282302.066, 67900.56488875253), (1718282307.046, 67921.06300315517), (1718282312.053, 67916.94200863251), (1718282317.064, 67923.19308273772), (1718282322.048, 67922.61175770166), (1718282327.049, 67928.3375156117)]",,1718282262.5427139
,,sell,60,completed,67894.87437565181,1718282427.047,67818.11751521625,win,1718282182906,RSI Overbought,"[(1718282364.341, 67894.87437565181), (1718282367.92, 67888.50265281562), (1718282372.066, 67876.69770318021), (1718282378.521, 67858.46145457929), (1718282382.934, 67798.64004841802), (1718282387.061, 67802.61852235725), (1718282392.919, 67796.69507931951), (1718282397.135, 67806.5830395301), (1718282402.135, 67800.71323862791), (1718282407.12, 67798.10087639526), (1718282412.127, 67814.12741521964), (1718282417.057, 67817.94165300335), (1718282422.076, 67811.55206777851), (1718282427.047, 67818.11751521625)]",,1718282362.9064965
,,buy,120,completed,67740.3464135752,1718282862.046,67766.88220966782,win,1718282558400,SMA Crossover,"[(1718282742.14, 67740.3464135752), (1718282747.06, 67744.31155089548), (1718282752.154, 67761.03582790263), (1718282757.143, 67764.8985305434), (1718282762.065, 67764.32969538147), (1718282767.127, 67763.21887498292), (1718282772.05, 67762.12701285271), (1718282777.057, 67753.58747163924), (1718282782.123, 67753.58747163924), (1718282787.046, 67747.48690199525), (1718282792.051, 67737.20347920731), (1718282797.065, 67727.88290218853), (1718282802.048, 67734.4635016263), (1718282807.05, 67735.15887195662), (1718282812.064, 67735.15887195662), (1718282817.051, 67724.9530219151), (1718282822.053, 67734.007976963), (1718282827.122, 67728.38894091432), (1718282832.054, 67720.9152982091), (1718282837.051, 67721.94269725059), (1718282842.061, 67734.64763397779), (1718282847.047, 67739.86021099685), (1718282852.051, 67741.08781739409), (1718282857.124, 67766.4734784081), (1718282862.046, 67766.88220966782)]",,1718282738.4000976
